imu_timestamp, mcu_timestamp
50,10513982
2950,10517384
7750,10521882
12550,10526513
17350,10531042
22150,10535571
26950,10540100
31750,10544628
36550,10549156
41350,10553685
46150,10558212
50950,10562740
55750,10567268
60550,10571795
65350,10576323
70150,10580851
74950,10585378
79750,10589906
84550,10594433
89350,10598961
94150,10603489
98950,10608016
103750,10612544
108550,10617071
113350,10621599
118150,10626126
122950,10630654
127750,10635182
132550,10639709
137350,10644237
142150,10648764
146950,10653292
151750,10657820
156550,10662347
161350,10666875
166150,10671402
170950,10675930
175750,10680458
180550,10684985
185350,10689513
190150,10694040
194950,10698568
199750,10703096
204550,10707623
209350,10712151
214150,10716678
218950,10721206
223750,10725733
228550,10730261
233350,10734789
238150,10739316
242950,10743844
247750,10748371
252550,10752899
257350,10757427
262150,10761954
266950,10766482
271750,10771009
276550,10775537
281350,10780065
286150,10784592
290950,10789120
295750,10793647
300550,10798175
305350,10802703
310150,10807230
314950,10811758
319750,10816285
324550,10820813
329350,10825341
334150,10829868
338950,10834396
343750,10838923
348550,10843451
353350,10847978
358150,10852506
362950,10857034
367750,10861561
372550,10866089
377350,10870616
382150,10875144
386950,10879672
391750,10884199
396550,10888727
401350,10893254
406150,10897782
410950,10902310
415750,10906837
420550,10911365
425350,10915892
430150,10920420
434950,10924948
439750,10929475
444550,10934003
449350,10938530
454150,10943058
458950,10947585
463750,10952113
468550,10956641
473350,10961168
478150,10965696
482950,10970223
487750,10974751
492550,10979279
497350,10983806
502150,10988334
506950,10992861
511750,10997389
516550,11001917
521350,11006444
526150,11010972
530950,11015499
535750,11020027
540550,11024555
545350,11029082
550150,11033610
554950,11038137
559750,11042665
564550,11047192
569350,11051720
574150,11056248
578950,11060775
583750,11065303
588550,11069830
593350,11074358
598150,11078886
602950,11083413
607750,11087941
612550,11092468
617350,11096996
622150,11101524
626950,11106051
631750,11110579
636550,11115106
641350,11119634
646150,11124162
650950,11128689
655750,11133217
660550,11137744
665350,11142272
670150,11146799
674950,11151327
679750,11155855
684550,11160382
689350,11164910
694150,11169437
698950,11173965
703750,11178493
708550,11183020
713350,11187548
718150,11192075
722950,11196603
727750,11201131
732550,11205658
737350,11210186
742150,11214713
746950,11219241
751750,11223769
756550,11228296
761350,11232824
766150,11237351
770950,11241879
775750,11246406
780550,11250934
785350,11255462
790150,11259989
794950,11264517
799750,11269044
804550,11273572
809350,11278100
814150,11282627
818950,11287155
823750,11291682
828550,11296210
833350,11300738
838150,11305265
842950,11309793
847750,11314320
852550,11318848
857350,11323375
862150,11327903
866950,11332431
871750,11336958
876550,11341486
881350,11346013
886150,11350541
890950,11355069
895750,11359596
900550,11364124
905350,11368651
910150,11373179
914950,11377707
919750,11382234
924550,11386762
929350,11391289
934150,11395817
938950,11400345
943750,11404872
948550,11409400
953350,11413927
958150,11418455
962950,11422982
967750,11427510
972550,11432038
977350,11436565
982150,11441093
986950,11445620
991750,11450148
996550,11454676
1001350,11459203
1006150,11463731
1010950,11468258
1015750,11472786
1020550,11477314
1025350,11481841
1030150,11486369
1034950,11490896
1039750,11495424
1044550,11499952
1049350,11504479
1054150,11509007
1058950,11513534
1063750,11518062
1068550,11522589
1073350,11527117
1078150,11531645
1082950,11536172
1087750,11540700
1092550,11545227
1097350,11549755
1102150,11554283
1106950,11558810
1111750,11563338
1116550,11567865
1121350,11572393
1126150,11576921
1130950,11581448
1135750,11585976
1140550,11590503
1145350,11595031
1150150,11599558
1154950,11604086
1159750,11608614
1164550,11613141
1169350,11617669
1174150,11622196
1178950,11626724
1183750,11631252
1188550,11635779
1193350,11640307
1198150,11644834
1202950,11649362
1207750,11653890
1212550,11658417
1217350,11662945
1222150,11667472
1226950,11672000
1231750,11676528
1236550,11681055
1241350,11685583
1246150,11690110
1250950,11694638
1255750,11699165
1260550,11703693
1265350,11708221
1270150,11712748
1274950,11717276
1279750,11721803
1284550,11726331
1289350,11730859
1294150,11735386
1298950,11739914
1303750,11744441
1308550,11748969
1313350,11753497
1318150,11758024
1322950,11762552
1327750,11767079
1332550,11771607
1337350,11776134
1342150,11780662
1346950,11785190
1351750,11789717
1356550,11794245
1361350,11798772
1366150,11803300
1370950,11807828
1375750,11812355
1380550,11816883
1385350,11821410
1390150,11825938
1394950,11830466
1399750,11834993
1404550,11839521
1409350,11844048
1414150,11848576
1418950,11853104
1423750,11857631
1428550,11862159
1433350,11866686
1438150,11871214
1442950,11875741
1447750,11880269
1452550,11884797
1457350,11889324
1462150,11893852
1466950,11898379
1471750,11902907
1476550,11907435
1481350,11911962
1486150,11916490
1490950,11921017
1495750,11925545
1500550,11930073
1505350,11934600
1510150,11939128
1514950,11943655
1519750,11948183
1524550,11952711
1529350,11957238
1534150,11961766
1538950,11966293
1543750,11970821
1548550,11975348
1553350,11979876
1558150,11984404
1562950,11988931
1567750,11993459
1572550,11997986
1577350,12002514
1582150,12007042
1586950,12011569
1591750,12016097
1596550,12020624
1601350,12025152
1606150,12029680
1610950,12034207
1615750,12038735
1620550,12043262
1625350,12047790
1630150,12052318
1634950,12056845
1639750,12061373
1644550,12065900
1649350,12070428
1654150,12074955
1658950,12079483
1663750,12084011
1668550,12088538
1673350,12093066
1678150,12097593
1682950,12102121
1687750,12106649
1692550,12111176
1697350,12115704
1702150,12120231
1706950,12124759
1711750,12129287
1716550,12133814
1721350,12138342
1726150,12142869
1730950,12147397
1735750,12151925
1740550,12156452
1745350,12160980
1750150,12165507
1754950,12170035
1759750,12174562
1764550,12179090
1769350,12183618
1774150,12188145
1778950,12192673
1783750,12197200
1788550,12201728
1793350,12206256
1798150,12210783
1802950,12215311
1807750,12219838
1812550,12224366
1817350,12228894
1822150,12233421
1826950,12237949
1831750,12242476
1836550,12247004
1841350,12251532
1846150,12256059
1850950,12260587
1855750,12265114
1860550,12269642
1865350,12274169
1870150,12278697
1874950,12283225
1879750,12287752
1884550,12292280
1889350,12296807
1894150,12301335
1898950,12305863
1903750,12310390
1908550,12314918
1913350,12319445
1918150,12323973
1922950,12328501
1927750,12333028
1932550,12337556
1937350,12342083
1942150,12346611
1946950,12351139
1951750,12355666
1956550,12360194
1961350,12364721
1966150,12369249
1970950,12373776
1975750,12378304
1980550,12382832
1985350,12387359
1990150,12391887
1994950,12396414
1999750,12400942
2004550,12405470
2009350,12409997
2014150,12414525
2018950,12419052
2023750,12423580
2028550,12428108
2033350,12432635
2038150,12437163
2042950,12441690
2047750,12446218
2052550,12450746
2057350,12455273
2062150,12459801
2066950,12464328
2071750,12468856
2076550,12473383
2081350,12477911
2086150,12482439
2090950,12486966
2095750,12491494
2100550,12496021
2105350,12500549
2110150,12505077
2114950,12509604
2119750,12514132
2124550,12518659
2129350,12523187
2134150,12527715
2138950,12532242
2143750,12536770
2148550,12541297
2153350,12545825
2158150,12550353
2162950,12554880
2167750,12559408
2172550,12563935
2177350,12568463
2182150,12572991
2186950,12577518
2191750,12582046
2196550,12586573
2201350,12591101
2206150,12595628
2210950,12600156
2215750,12604684
2220550,12609211
2225350,12613739
2230150,12618266
2234950,12622794
2239750,12627322
2244550,12631849
2249350,12636377
2254150,12640904
2258950,12645432
2263750,12649960
2268550,12654487
2273350,12659015
2278150,12663542
2282950,12668070
2287750,12672598
2292550,12677125
2297350,12681653
2302150,12686180
2306950,12690708
2311750,12695236
2316550,12699763
2321350,12704291
2326150,12708818
2330950,12713346
2335750,12717873
2340550,12722401
2345350,12726929
2350150,12731456
2354950,12735984
2359750,12740511
2364550,12745039
2369350,12749567
2374150,12754094
2378950,12758622
2383750,12763149
2388550,12767677
2393350,12772205
2398150,12776732
2402950,12781260
2407750,12785787
2412550,12790315
2417350,12794843
2422150,12799370
2426950,12803898
2431750,12808425
2436550,12812953
2441350,12817481
2446150,12822008
2450950,12826536
2455750,12831063
2460550,12835591
2465350,12840118
2470150,12844646
2474950,12849174
2479750,12853701
2484550,12858229
2489350,12862756
2494150,12867284
2498950,12871812
2503750,12876339
2508550,12880867
2513350,12885394
2518150,12889922
2522950,12894450
2527750,12898977
2532550,12903505
2537350,12908032
2542150,12912560
2546950,12917088
2551750,12921615
2556550,12926143
2561350,12930670
2566150,12935198
2570950,12939726
2575750,12944253
2580550,12948781
2585350,12953308
2590150,12957836
2594950,12962364
2599750,12966891
2604550,12971419
2609350,12975946
2614150,12980474
2618950,12985001
2623750,12989529
2628550,12994057
2633350,12998584
2638150,13003112
2642950,13007639
2647750,13012167
2652550,13016695
2657350,13021222
2662150,13025750
2666950,13030277
2671750,13034805
2676550,13039333
2681350,13043860
2686150,13048388
2690950,13052915
2695750,13057443
2700550,13061971
2705350,13066498
2710150,13071026
2714950,13075553
2719750,13080081
2724550,13084609
2729350,13089136
2734150,13093664
2738950,13098191
2743750,13102719
2748550,13107247
2753350,13111774
2758150,13116302
2762950,13120829
2767750,13125357
2772550,13129884
2777350,13134412
2782150,13138940
2786950,13143467
2791750,13147995
2796550,13152522
2801350,13157050
2806150,13161578
2810950,13166105
2815750,13170633
2820550,13175160
2825350,13179688
2830150,13184216
2834950,13188743
2839750,13193271
2844550,13197798
2849350,13202326
2854150,13206854
2858950,13211381
2863750,13215909
2868550,13220436
2873350,13224964
2878150,13229492
2882950,13234019
2887750,13238547
2892550,13243074
2897350,13247602
2902150,13252130
2906950,13256657
2911750,13261185
2916550,13265712
2921350,13270240
2926150,13274767
2930950,13279295
2935750,13283823
2940550,13288350
2945350,13292878
2950150,13297405
2954950,13301933
2959750,13306461
2964550,13310988
2969350,13315516
2974150,13320043
2978950,13324571
2983750,13329099
2988550,13333626
2993350,13338154
2998150,13342681
3002950,13347209
3007750,13351737
3012550,13356264
3017350,13360792
3022150,13365319
3026950,13369847
3031750,13374375
3036550,13378902
3041350,13383430
3046150,13387957
3050950,13392485
3055750,13397013
3060550,13401540
3065350,13406068
3070150,13410595
3074950,13415123
3079750,13419650
3084550,13424178
3089350,13428706
3094150,13433233
3098950,13437761
3103750,13442288
3108550,13446816
3113350,13451344
3118150,13455871
3122950,13460399
3127750,13464926
3132550,13469454
3137350,13473982
3142150,13478509
3146950,13483037
3151750,13487564
3156550,13492092
3161350,13496620
3166150,13501147
3170950,13505675
3175750,13510202
3180550,13514730
3185350,13519258
3190150,13523785
3194950,13528313
3199750,13532840
3204550,13537368
3209350,13541896
3214150,13546423
3218950,13550951
3223750,13555478
3228550,13560006
3233350,13564534
3238150,13569061
3242950,13573589
3247750,13578116
3252550,13582644
3257350,13587171
3262150,13591699
3266950,13596227
3271750,13600754
3276550,13605282
3281350,13609809
3286150,13614337
3290950,13618865
3295750,13623392
3300550,13627920
3305350,13632447
3310150,13636975
3314950,13641503
3319750,13646030
3324550,13650558
3329350,13655085
3334150,13659613
3338950,13664141
3343750,13668668
3348550,13673196
3353350,13677723
3358150,13682251
3362950,13686779
3367750,13691306
3372550,13695834
3377350,13700361
3382150,13704889
3386950,13709417
3391750,13713944
3396550,13718472
3401350,13722999
3406150,13727527
3410950,13732055
3415750,13736582
3420550,13741110
3425350,13745637
3430150,13750165
3434950,13754692
3439750,13759220
3444550,13763748
3449350,13768275
3454150,13772803
3458950,13777330
3463750,13781858
3468550,13786386
3473350,13790913
3478150,13795441
3482950,13799968
3487750,13804496
3492550,13809024
3497350,13813551
3502150,13818079
3506950,13822606
3511750,13827134
3516550,13831662
3521350,13836189
3526150,13840717
3530950,13845244
3535750,13849772
3540550,13854300
3545350,13858827
3550150,13863355
3554950,13867882
3559750,13872410
3564550,13876938
3569350,13881465
3574150,13885993
3578950,13890520
3583750,13895048
3588550,13899576
3593350,13904103
3598150,13908631
3602950,13913158
3607750,13917686
3612550,13922214
3617350,13926741
3622150,13931269
3626950,13935796
3631750,13940324
3636550,13944852
3641350,13949379
3646150,13953907
3650950,13958434
3655750,13962962
3660550,13967490
3665350,13972017
3670150,13976545
3674950,13981072
3679750,13985600
3684550,13990127
3689350,13994655
3694150,13999183
3698950,14003710
3703750,14008238
3708550,14012765
3713350,14017293
3718150,14021821
3722950,14026348
3727750,14030876
3732550,14035403
3737350,14039931
3742150,14044459
3746950,14048986
3751750,14053514
3756550,14058041
3761350,14062569
3766150,14067097
3770950,14071624
3775750,14076152
3780550,14080679
3785350,14085207
3790150,14089735
3794950,14094262
3799750,14098790
3804550,14103317
3809350,14107845
3814150,14112373
3818950,14116900
3823750,14121428
3828550,14125955
3833350,14130483
3838150,14135011
3842950,14139538
3847750,14144066
3852550,14148593
3857350,14153121
3862150,14157649
3866950,14162176
3871750,14166704
3876550,14171231
3881350,14175759
3886150,14180287
3890950,14184814
3895750,14189342
3900550,14193869
3905350,14198397
3910150,14202925
3914950,14207452
3919750,14211980
3924550,14216507
3929350,14221035
3934150,14225563
3938950,14230090
3943750,14234618
3948550,14239145
3953350,14243673
3958150,14248200
3962950,14252728
3967750,14257256
3972550,14261783
3977350,14266311
3982150,14270838
3986950,14275366
3991750,14279894
3996550,14284421
4001350,14288949
4006150,14293476
4010950,14298004
4015750,14302532
4020550,14307059
4025350,14311587
4030150,14316114
4034950,14320642
4039750,14325170
4044550,14329697
4049350,14334225
4054150,14338752
4058950,14343280
4063750,14347808
4068550,14352335
4073350,14356863
4078150,14361390
4082950,14365918
4087750,14370446
4092550,14374973
4097350,14379501
4102150,14384028
4106950,14388556
4111750,14393084
4116550,14397611
4121350,14402139
4126150,14406666
4130950,14411194
4135750,14415722
4140550,14420249
4145350,14424777
4150150,14429304
4154950,14433832
4159750,14438360
4164550,14442887
4169350,14447415
4174150,14451942
4178950,14456470
4183750,14460998
4188550,14465525
4193350,14470053
4198150,14474580
4202950,14479108
4207750,14483636
4212550,14488163
4217350,14492691
4222150,14497218
4226950,14501746
4231750,14506274
4236550,14510801
4241350,14515329
4246150,14519856
4250950,14524384
4255750,14528912
4260550,14533439
4265350,14537967
4270150,14542494
4274950,14547022
4279750,14551549
4284550,14556077
4289350,14560605
4294150,14565132
4298950,14569660
4303750,14574187
4308550,14578715
4313350,14583243
4318150,14587770
4322950,14592298
4327750,14596825
4332550,14601353
4337350,14605881
4342150,14610408
4346950,14614936
4351750,14619463
4356550,14623991
4361350,14628519
4366150,14633046
4370950,14637574
4375750,14642101
4380550,14646629
4385350,14651157
4390150,14655684
4394950,14660212
4399750,14664739
4404550,14669267
4409350,14673795
4414150,14678322
4418950,14682850
4423750,14687377
4428550,14691905
4433350,14696433
4438150,14700960
4442950,14705488
4447750,14710015
4452550,14714543
4457350,14719071
4462150,14723598
4466950,14728126
4471750,14732653
4476550,14737181
4481350,14741709
4486150,14746236
4490950,14750764
4495750,14755291
4500550,14759819
4505350,14764347
4510150,14768874
4514950,14773402
4519750,14777929
4524550,14782457
4529350,14786985
4534150,14791512
4538950,14796040
4543750,14800567
4548550,14805095
4553350,14809623
4558150,14814150
4562950,14818678
4567750,14823205
4572550,14827733
4577350,14832261
4582150,14836788
4586950,14841316
4591750,14845843
4596550,14850371
4601350,14854899
4606150,14859426
4610950,14863954
4615750,14868481
4620550,14873009
4625350,14877537
4630150,14882064
4634950,14886592
4639750,14891119
4644550,14895647
4649350,14900175
4654150,14904702
4658950,14909230
4663750,14913757
4668550,14918285
4673350,14922813
4678150,14927340
4682950,14931868
4687750,14936395
4692550,14940923
4697350,14945451
4702150,14949978
4706950,14954506
4711750,14959033
4716550,14963561
4721350,14968089
4726150,14972616
4730950,14977144
4735750,14981671
4740550,14986199
4745350,14990727
4750150,14995254
4754950,14999782
4759750,15004309
4764550,15008837
4769350,15013365
4774150,15017892
4778950,15022420
4783750,15026947
4788550,15031475
4793350,15036003
4798150,15040530
4802950,15045058
4807750,15049585
4812550,15054113
4817350,15058641
4822150,15063168
4826950,15067696
4831750,15072223
4836550,15076751
4841350,15081279
4846150,15085806
4850950,15090334
4855750,15094861
4860550,15099389
4865350,15103917
4870150,15108444
4874950,15112972
4879750,15117499
4884550,15122027
4889350,15126555
4894150,15131082
4898950,15135610
4903750,15140137
4908550,15144665
4913350,15149193
4918150,15153720
4922950,15158248
4927750,15162775
4932550,15167303
4937350,15171831
4942150,15176358
4946950,15180886
4951750,15185413
4956550,15189941
4961350,15194469
4966150,15198996
4970950,15203524
4975750,15208051
4980550,15212579
4985350,15217107
4990175,15221634
